FCL code,FCL label,HS code,If partial,Irrigated_Crops,Match,,,HS6
254,[Oil palm fruit],120799,*,Grapes,80610,80610,,HS080610
328,[Seed Cotton],520100,*,Sunflower,#N/A,230630,,HS230630
1437,"2,4,5-T and its salts and esters (Trade)",291891,*,Wheat,100110,230240,,HS230240
809,Abaca manila hemp,530500,*,Rice,#N/A,230240,,HS230240
800,Agave fibres nes,530500,*,Barley,100300,100300,,HS100300
2455017,Agricultural machinery nes (trade),843699,*,Vegetables,#N/A,200980,,HS200980
2455017,Agricultural machinery nes (trade),843510,*,Fruits,#N/A,110630,,HS110630
2455017,Agricultural machinery nes (trade),843590,*,Maize,100510,220300,,HS220300
2455017,Agricultural machinery nes (trade),843610,*,Pulses,#N/A,230250,,HS230250
2455017,Agricultural machinery nes (trade),843621,*,Sugar beets,121291,121291,,HS121291
2455017,Agricultural machinery nes (trade),843629,*,Sesame,#N/A,230690,,HS230690
2455017,Agricultural machinery nes (trade),843680,*,Potatoes,70110,110510,,HS110510
2455017,Agricultural machinery nes (trade),843691,*,Sugarcane,121299,121299,,HS121299
2455011,Agricultural tractors,870130,*,Cotton,#N/A,520100,,HS520100
2455011,Agricultural tractors,870190,*,Sweet potatoes,71420,71420,,HS071420
2455009,"Agricultural tractors, total",870110,*,Other temporary crops,#N/A,,,HS
2455009,"Agricultural tractors, total",870130,*,Cassava,71410,71410,,HS071410
2455009,"Agricultural tractors, total",870190,*,Fodder temporary,#N/A,,,HS
632,"Alcohol, Non-Food Purposes",220710,*,Rapeseed,#N/A,230641,,HS230641
632,"Alcohol, Non-Food Purposes",220720,*,Other cereals,#N/A,,,HS
1426,"Aldrin, Chlordane, Heptachlor (Trade)",290352,*,"Fruits (citrus, mango)",#N/A,,,HS
641,Alfalfa for forage,121490,*,Fodder permanent,#N/A,,,HS
862,Alfalfa Meal and Pellets,121410,*,Date palm,#N/A,,,HS
221,Almonds,80211,*,Tobacco,#N/A,240110,,HS240110
231,"Almonds, Shelled",80212,*,Citrus,#N/A,80590,,HS080590
2814,"Ammonia, anhydrous",281410,*,Sorghum,100700,220300,,HS220300
2814,"Ammonia, anhydrous",281420,*,Oil crops,#N/A,,,HS
310230,Ammonium nitrate,310230,*,Wheat winter,#N/A,,,HS
310221,Ammonium sulphate,310221,*,Wheat spring,#N/A,,,HS
1168,Animal Oils and Fats nes,150600,*,Barley winter,#N/A,,,HS
711,"Anise, badian, fennel",90950,*,Barley spring,#N/A,,,HS
711,"Anise, badian, fennel",90940,*,Vineyards,#N/A,,,HS
711,"Anise, badian, fennel",90920,*,Pasture permanent,#N/A,,,HS
711,"Anise, badian, fennel",90930,*,Flowers,#N/A,70410,,HS070410
711,"Anise, badian, fennel",90910,*,Other permanent crops,#N/A,,,HS
518,Apple Juice,200971,*,Sugar beet,#N/A,121291,,HS121291
519,"Apple Juice, Concentrated",200979,*,Tea,90240,210120,,HS210120
515,Apples,80810,*,Rice one,#N/A,,,HS
526,Apricots,80910,*,Vegetables two,#N/A,,,HS
527,"Apricots, Dried",81310,*,Coffee,#N/A,210111,,HS210111
1291,Arabic gum,130120,*,Rice two,#N/A,,,HS
226,Areca nuts,80290,*,Vegetables one,#N/A,,,HS
366,Artichokes,70990,*,Roots,#N/A,121299,,HS121299
367,Asparagus,70920,*,Rice one (Aman),#N/A,,,HS
1107,Asses,10110,*,Rice two (Boro),#N/A,,,HS
1107,Asses,10190,*,Fruits (dates),#N/A,,,HS
572,Avocados,80440,*,Bananas and plantains,#N/A,,,HS
1039,Bacon and Ham,21011,*,Other fruits,#N/A,,,HS
1039,Bacon and Ham,21012,*,Plantains,80300,80300,,HS080300
1039,Bacon and Ham,21019,*,Bananas,80300,80300,,HS080300
170,Bagasse,230320,*,Other roots and tubercules,#N/A,,,HS
2455005,Balers,843340,*,Groundnuts,#N/A,230500,,HS230500
203,Bambara beans,71339,*,Cocoa,#N/A,180100,,HS180100
486,Bananas,80300,*,Soybeans,120100,230400,,HS230400
44,Barley,100300,*,"Fruits (Citrus, etc.)",#N/A,,,HS
48,Barley Flour and Grits,110290,*,Potatoes and other roots,#N/A,,,HS
48,Barley Flour and Grits,110319,*,Rice (Hsien),#N/A,,,HS
48,Barley Flour and Grits,110320,*,Groundnut,#N/A,230500,,HS230500
46,"Barley, Pearled",110419,*,Rice one (Hsien),#N/A,,,HS
46,"Barley, Pearled",110429,*,Vegetables three,#N/A,,,HS
176,"Beans, dry",71339,*,Rice (Keng),#N/A,,,HS
176,"Beans, dry",71333,*,Maize and other cereals two,#N/A,,,HS
176,"Beans, dry",71331,*,Maize and other cereals one,#N/A,,,HS
176,"Beans, dry",71332,*,Potatoes and other tubers,#N/A,,,HS
414,"Beans, green",70820,*,Soybean,#N/A,230400,,HS230400
875,Beef and Veal Preparations nes,160250,*,Leguminous,#N/A,121490,,HS121490
872,"Beef and Veal, Dried, Salted, Smoked",21020,*,Roots and tubers,#N/A,110620,,HS110620
1181,Beehives,10690,*,Permanent fodder,#N/A,,,HS
51,Beer of Barley,220300,*,Barley and other cereals,#N/A,,,HS
66,Beer of Maize,220300,*,Vegetable two,#N/A,,,HS
82,Beer of Millet,220300,*,Vegetable one,#N/A,,,HS
86,Beer of Sorghum,220300,*,"Fruits (lemon, mango, date)",#N/A,,,HS
1183,Beeswax,152190,*,Pasture temporary,#N/A,,,HS
169,Beet Pulp,230320,*,Oil palms,#N/A,,,HS
159,Beet Sugar,170112,*,Industrial crops,#N/A,,,HS
629,Beet Tops,230800,*,Olives,70990,150910,,HS150910
647,Beets for fodder,121490,*,Winter cereals,#N/A,,,HS
558,Berries nes,81020,*,Summer cereals,#N/A,,,HS
558,Berries nes,81040,*,Dates,80410,80410,,HS080410
634,"Beverages, Distilled Alcoholic",220820,*,Figs,80420,80420,,HS080420
634,"Beverages, Distilled Alcoholic",220830,*,Mangoes,80450,80450,,HS080450
634,"Beverages, Distilled Alcoholic",220840,*,Other oil crops,#N/A,,,HS
634,"Beverages, Distilled Alcoholic",220850,*,Sorghum and other cereals,#N/A,,,HS
634,"Beverages, Distilled Alcoholic",220860,*,Other permanent crop,#N/A,,,HS
634,"Beverages, Distilled Alcoholic",220870,*,Cereals,#N/A,230240,,HS230240
634,"Beverages, Distilled Alcoholic",220890,*,Oil palm,#N/A,120799,,HS120799
633,"Beverages, Non-Alcoholic",220290,*,Rubber,#N/A,400110,,HS400110
633,"Beverages, Non-Alcoholic",220210,*,"Fruits (citrus, bananas, mangoes, etc.)",#N/A,,,HS
1435,Binapacryl (Trade),291636,*,Palm (African),#N/A,,,HS
1175,Blood Meal,230110,*,Maize one,#N/A,,,HS
552,Blueberries,81040,*,Maize two,#N/A,,,HS
47,Bran of Barley,230240,*,Rice three,#N/A,,,HS
91,Bran of Buckwheat,230240,*,Potatoes and sweet potatoes,#N/A,,,HS
112,Bran of Cereals nes,230240,*,Millet,100820,220300,,HS220300
96,Bran of Fonio,230240,*,Fibre crops,#N/A,530500,,HS530500
59,Bran of Maize,230210,*,Strawberry,#N/A,,,HS
81,Bran of Millet,230240,*,Maize and other cereals,#N/A,,,HS
105,Bran of Mixed Grain,230240,*,Sunflowers,#N/A,,,HS
77,Bran of Oats,230240,*,Other roots and tubers,#N/A,,,HS
213,Bran of Pulses,230250,*,Oil crops (sunflower & sesame),#N/A,,,HS
35,Bran of Rice,230240,*,Pineapple,#N/A,200941,,HS200941
73,Bran of Rye,230240,*,Wheat and other cereals,#N/A,,,HS
85,Bran of Sorghum,230240,*,Permanent meadows and pasture,#N/A,,,HS
99,Bran of Triticale,230240,*,Olive,#N/A,151000,,HS151000
17,Bran of Wheat,230230,*,Cereals 1,#N/A,,,HS
216,Brazil nuts,80121,*,Cereals 2,#N/A,,,HS
229,"Brazil Nuts, Shelled",80122,*,Other roots,#N/A,,,HS
20,Bread,190590,*,Temporary crops,#N/A,,,HS
20,Bread,190510,*,Coconut,#N/A,80119,,HS080119
20,Bread,190540,*,Melon,#N/A,80719,,HS080719
41,Breakfast Cereals,190410,*,Permanent meadows and pastures,#N/A,,,HS
41,Breakfast Cereals,190420,*,Olive trees,#N/A,,,HS
41,Breakfast Cereals,190490,*,Barley and wheat,#N/A,,,HS
181,"Broad beans, dry",71350,*,Hop,#N/A,121010,,HS121010
420,"Broad Beans, Green",70890,*,"Fruits (citrus, bananas)",#N/A,,,HS
89,Buckwheat,100810,*,Winter wheat,#N/A,,,HS
957,"Buffalo hides, fresh",410120,*,Spring wheat,#N/A,,,HS
957,"Buffalo hides, fresh",410150,*,Fruit,#N/A,120799,,HS120799
957,"Buffalo hides, fresh",410190,*,Vegetables 2,#N/A,,,HS
947,Buffalo meat,20230,*,Vegetables 1,#N/A,,,HS
947,Buffalo meat,20220,*,Fodder permanent and meadows,#N/A,,,HS
947,Buffalo meat,20210,*,Roots & Tubers,#N/A,,,HS
947,Buffalo meat,20110,*,Sesame two,#N/A,,,HS
947,Buffalo meat,20120,*,Sesame one,#N/A,,,HS
947,Buffalo meat,20130,*,Permanent pastures,#N/A,,,HS
951,Buffalo milk,40120,*,Yuca,#N/A,,,HS
951,Buffalo milk,40130,*,Soybeans one,#N/A,,,HS
946,Buffaloes,10210,*,Soybeans two,#N/A,,,HS
946,Buffaloes,10290,*,Soybeans three,#N/A,,,HS
21,Bulgur,190430,*,Rice two (Summer),#N/A,,,HS
983,Butter and Ghee of Sheep Milk,40510,*,Rice one (Spring),#N/A,,,HS
983,Butter and Ghee of Sheep Milk,40520,*,Sweet potatoes two,#N/A,,,HS
983,Butter and Ghee of Sheep Milk,40590,*,Sweet potatoes one,#N/A,,,HS
952,Butter of Buffalo Milk,40510,*,Rice three (Autumn),#N/A,,,HS
952,Butter of Buffalo Milk,40520,*,Qat,#N/A,,,HS
886,Butter of Cow Milk,40510,*,Other summer cereals,#N/A,,,HS
886,Butter of Cow Milk,40520,*,Other winter cereals,#N/A,,,HS
1022,Butter of Goat Milk,40510,*,,,,,
1022,Butter of Goat Milk,40520,*,,,,,
1022,Butter of Goat Milk,40590,*,,,,,
264,Butter of Karite Nuts,151590,*,,,,,
893,"Buttermilk, Curdled Milk, Acidified Milk",40390,*,,,,,
644,Cabbage for fodder,121490,*,,,,,
358,Cabbages,70420,*,,,,,
358,Cabbages,70490,*,,,,,
253,Cake of Copra,230650,*,,,,,
332,Cake of Cottonseed,230610,*,,,,,
245,Cake of Groundnuts,230500,*,,,,,
338,Cake of Hempseed,230690,*,,,,,
314,Cake of Kapok,230690,*,,,,,
335,Cake of Linseed,230620,*,,,,,
61,Cake of Maize,230690,*,,,,,
294,Cake of Mustard Seed,230690,*,,,,,
341,Cake of Oilseeds nes,230690,*,,,,,
259,Cake of Palm Kernel,230660,*,,,,,
298,Cake of Poppy Seed,230690,*,,,,,
272,Cake of Rapeseed,230641,*,,,,,
272,Cake of Rapeseed,230649,*,,,,,
37,Cake of Rice Bran,230690,*,,,,,
282,Cake of Safflower Seed,230690,*,,,,,
291,Cake of Sesame Seed,230690,*,,,,,
238,Cake of Soybeans,230400,*,,,,,
269,Cake of Sunflower Seed,230630,*,,,,,
310240,Calcium ammonium nitrate,310240,*,,,,,
1133,"Camel hides, fresh",410390,*,,,,,
1130,Camel milk,40130,*,,,,,
1130,Camel milk,40120,*,,,,,
1126,Camels,10619,*,,,,,
101,Canary seed,100830,*,,,,,
158,Cane Sugar,170111,*,,,,,
630,Cane Tops,230800,*,,,,,
451,Canned Mushrooms,200310,*,,,,,
451,Canned Mushrooms,200320,*,,,,,
451,Canned Mushrooms,200390,*,,,,,
1441,Captafol & methamidophos (Trade),293050,*,,,,,
461,Carobs,121299,*,,,,,
426,Carrot,70610,*,,,,,
648,Carrots for fodder,121490,*,,,,,
917,Casein,350110,*,,,,,
217,Cashew nuts,80131,*,,,,,
230,"Cashew Nuts, Shelled",80132,*,,,,,
591,Cashewapple,81090,*,,,,,
125,Cassava,71410,*,,,,,
378,Cassava leaves,70990,*,,,,,
128,"Cassava, Dried",71410,*,,,,,
265,Castor Beans,120799,*,,,,,
1273,"Castor Oil, Hydrogenated",151620,*,,,,,
866,Cattle,10210,*,,,,,
866,Cattle,10290,*,,,,,
919,"Cattle hides, fresh",410120,*,,,,,
919,"Cattle hides, fresh",410150,*,,,,,
919,"Cattle hides, fresh",410190,*,,,,,
871,"Cattle, Butcher Fat",150200,*,,,,,
393,Cauliflowers and broccoli,70410,*,,,,,
113,Cereal Preparations,110423,*,,,,,
113,Cereal Preparations,110419,*,,,,,
113,Cereal Preparations,110429,*,,,,,
108,"Cereals, nes",100890,*,,,,,
904,Cheese from Skimmed Cow Milk,40690,*,,,,,
904,Cheese from Skimmed Cow Milk,40640,*,,,,,
904,Cheese from Skimmed Cow Milk,40620,*,,,,,
904,Cheese from Skimmed Cow Milk,40610,*,,,,,
904,Cheese from Skimmed Cow Milk,40630,*,,,,,
901,Cheese from Whole Cow Milk,40610,*,,,,,
901,Cheese from Whole Cow Milk,40620,*,,,,,
901,Cheese from Whole Cow Milk,40630,*,,,,,
901,Cheese from Whole Cow Milk,40640,*,,,,,
901,Cheese from Whole Cow Milk,40690,*,,,,,
955,Cheese of Buffalo Milk,40690,*,,,,,
955,Cheese of Buffalo Milk,40640,*,,,,,
955,Cheese of Buffalo Milk,40630,*,,,,,
955,Cheese of Buffalo Milk,40620,*,,,,,
955,Cheese of Buffalo Milk,40610,*,,,,,
1021,Cheese of Goat Milk,40690,*,,,,,
1021,Cheese of Goat Milk,40640,*,,,,,
1021,Cheese of Goat Milk,40630,*,,,,,
1021,Cheese of Goat Milk,40620,*,,,,,
1021,Cheese of Goat Milk,40610,*,,,,,
984,Cheese of Sheep Milk,40690,*,,,,,
984,Cheese of Sheep Milk,40640,*,,,,,
984,Cheese of Sheep Milk,40610,*,,,,,
984,Cheese of Sheep Milk,40620,*,,,,,
984,Cheese of Sheep Milk,40630,*,,,,,
531,Cherries,80920,*,,,,,
220,Chestnuts,80240,*,,,,,
1058,Chicken meat,20735,*,,,,,
1058,Chicken meat,20733,*,,,,,
1058,Chicken meat,20732,*,,,,,
1058,Chicken meat,20711,*,,,,,
1058,Chicken meat,20713,*,,,,,
1058,Chicken meat,20712,*,,,,,
1058,Chicken meat,20736,*,,,,,
1058,Chicken meat,20714,*,,,,,
1057,Chickens,10511,*,,,,,
1057,Chickens,10519,*,,,,,
1057,Chickens,10594,*,,,,,
1057,Chickens,10599,*,,,,,
191,"Chick-peas, dry",71320,*,,,,,
459,Chicory roots,121299,*,,,,,
401,Chillies and peppers (green),70960,*,,,,,
1440,Chlordimeform (Trade),292521,*,,,,,
1436,Chlorobenzilate (Trade),291818,*,,,,,
666,Chocolate Products nes,180610,*,,,,,
666,Chocolate Products nes,180620,*,,,,,
666,Chocolate Products nes,180631,*,,,,,
666,Chocolate Products nes,180632,*,,,,,
666,Chocolate Products nes,180690,*,,,,,
517,"Cider, etc.",220600,*,,,,,
828,Cigarettes,240220,*,,,,,
828,Cigarettes,240290,*,,,,,
829,Cigars and Cheroots,240290,*,,,,,
829,Cigars and Cheroots,240210,*,,,,,
693,Cinnamon (canella),90611,*,,,,,
693,Cinnamon (canella),90619,*,,,,,
693,Cinnamon (canella),90620,*,,,,,
512,Citrus fruit nes,80590,*,,,,,
514,"Citrus Juice, Concentrated nes",200939,*,,,,,
640,Clover for forage,121490,*,,,,,
698,Cloves,90700,*,,,,,
1031,Coarse goat hair,510220,*,,,,,
661,Cocoa beans,180100,*,,,,,
664,Cocoa Butter,180400,*,,,,,
663,Cocoa Husks and Shells,180200,*,,,,,
662,Cocoa Paste,180310,*,,,,,
665,Cocoa Powder and Cake,180320,*,,,,,
665,Cocoa Powder and Cake,180500,*,,,,,
249,Coconuts,80119,*,,,,,
250,"Coconuts, Desiccated",80111,*,,,,,
1187,"Cocoons Unreelable, Waste",500300,*,,,,,
1185,"Cocoons, reelable",500100,*,,,,,
659,Coffee Extracts,210111,*,,,,,
659,Coffee Extracts,210112,*,,,,,
659,Coffee Extracts,210130,*,,,,,
656,Coffee green,90111,*,,,,,
660,Coffee Husks and Skins,90190,*,,,,,
658,Coffee Substitutes,90190,*,,,,,
657,"Coffee, Roasted",90122,*,,,,,
657,"Coffee, Roasted",90112,*,,,,,
657,"Coffee, Roasted",90121,*,,,,,
813,Coir,530500,*,,,,,
2455004,Combine harvesters - threshers,843351,*,,,,,
845,Compound Feed nes,230990,*,,,,,
840,"Compound Feed, Cattle",230990,*,,,,,
842,"Compound Feed, Pigs",230990,*,,,,,
841,"Compound Feed, Poultry",230990,*,,,,,
251,Copra,120300,*,,,,,
767,Cotton Lint,520100,*,,,,,
770,Cotton Linters,140420,*,,,,,
769,Cotton Waste,520210,*,,,,,
769,Cotton Waste,520291,*,,,,,
769,Cotton Waste,520299,*,,,,,
768,"Cotton, Carded or Combed",520300,*,,,,,
329,Cottonseed,120720,*,,,,,
882,"Cow milk, whole (fresh)",40120,*,,,,,
882,"Cow milk, whole (fresh)",40130,*,,,,,
195,"Cow peas, dry",71339,*,,,,,
554,Cranberries,81040,*,,,,,
885,"Cream, Fresh",40120,*,,,,,
885,"Cream, Fresh",40130,*,,,,,
1293,Crude Organic Materials nes,60314,*,,,,,
1293,Crude Organic Materials nes,60319,*,,,,,
1293,Crude Organic Materials nes,60390,*,,,,,
1293,Crude Organic Materials nes,60410,*,,,,,
1293,Crude Organic Materials nes,60491,*,,,,,
1293,Crude Organic Materials nes,60499,*,,,,,
1293,Crude Organic Materials nes,140490,*,,,,,
1293,Crude Organic Materials nes,121120,*,,,,,
1293,Crude Organic Materials nes,121130,*,,,,,
1293,Crude Organic Materials nes,121140,*,,,,,
1293,Crude Organic Materials nes,121190,*,,,,,
1293,Crude Organic Materials nes,121220,*,,,,,
1293,Crude Organic Materials nes,130211,*,,,,,
1293,Crude Organic Materials nes,130212,*,,,,,
1293,Crude Organic Materials nes,130213,*,,,,,
1293,Crude Organic Materials nes,130219,*,,,,,
1293,Crude Organic Materials nes,130220,*,,,,,
1293,Crude Organic Materials nes,130231,*,,,,,
1293,Crude Organic Materials nes,130232,*,,,,,
1293,Crude Organic Materials nes,130239,*,,,,,
1293,Crude Organic Materials nes,140110,*,,,,,
1293,Crude Organic Materials nes,60313,*,,,,,
1293,Crude Organic Materials nes,60312,*,,,,,
1293,Crude Organic Materials nes,51199,*,,,,,
1293,Crude Organic Materials nes,60290,*,,,,,
1293,Crude Organic Materials nes,50100,*,,,,,
1293,Crude Organic Materials nes,50210,*,,,,,
1293,Crude Organic Materials nes,50290,*,,,,,
1293,Crude Organic Materials nes,50400,*,,,,,
1293,Crude Organic Materials nes,50510,*,,,,,
1293,Crude Organic Materials nes,60311,*,,,,,
1293,Crude Organic Materials nes,50610,*,,,,,
1293,Crude Organic Materials nes,50690,*,,,,,
1293,Crude Organic Materials nes,50710,*,,,,,
1293,Crude Organic Materials nes,50790,*,,,,,
1293,Crude Organic Materials nes,50590,*,,,,,
1293,Crude Organic Materials nes,51000,*,,,,,
1293,Crude Organic Materials nes,51110,*,,,,,
1293,Crude Organic Materials nes,51191,*,,,,,
1293,Crude Organic Materials nes,60110,*,,,,,
1293,Crude Organic Materials nes,60120,*,,,,,
1293,Crude Organic Materials nes,60210,*,,,,,
1293,Crude Organic Materials nes,60220,*,,,,,
1293,Crude Organic Materials nes,60230,*,,,,,
1293,Crude Organic Materials nes,60240,*,,,,,
1293,Crude Organic Materials nes,50800,*,,,,,
397,Cucumbers and gherkins,70700,*,,,,,
550,Currants,81090,*,,,,,
577,Dates,80410,*,,,,,
1427,"DDT, Hexachlorobenzene (Trade)",290362,*,,,,,
1222,Degras,152200,*,,,,,
310530,Diammonium phosphate (DAP),310530,*,,,,,
1433,Dieldrin (Trade),291040,*,,,,,
1434,Dinoseb acetate (Trade),291536,*,,,,,
1430,Dinoseb and dinoseb salts (Trade),290891,*,,,,,
1446,"Disinfectants, etc (excl. Haz. pest.) (Trade)",380894,*,,,,,
1446,"Disinfectants, etc (excl. Haz. pest.) (Trade)",380899,*,,,,,
1419,"Disinfectants,etc (Trade)",380894,*,,,,,
1419,"Disinfectants,etc (Trade)",380899,*,,,,,
1431,DNOC and its salts (excl. 290811-290891) (Trade),290899,*,,,,,
450,Dried Mushrooms,71239,*,,,,,
450,Dried Mushrooms,71233,*,,,,,
450,Dried Mushrooms,71231,*,,,,,
450,Dried Mushrooms,71232,*,,,,,
899,Dry Buttermilk,40390,*,,,,,
898,Dry Skim Cow Milk,40210,*,,,,,
900,Dry Whey,40410,*,,,,,
897,Dry Whole Cow Milk,40221,*,,,,,
897,Dry Whole Cow Milk,40229,*,,,,,
1069,Duck meat,20735,*,,,,,
1069,Duck meat,20732,*,,,,,
1069,Duck meat,20733,*,,,,,
1069,Duck meat,20736,*,,,,,
1068,Ducks,10519,*,,,,,
1068,Ducks,10599,*,,,,,
916,Egg Albumin,350211,*,,,,,
916,Egg Albumin,350219,*,,,,,
399,Eggplants,70930,*,,,,,
1064,"Eggs, Dried",40891,*,,,,,
1064,"Eggs, Dried",40811,*,,,,,
1091,"Eggs, excluding hen eggs",40700,*,,,,,
1092,"Eggs, excluding hen eggs (number)",40700,*,,,,,
1063,"Eggs, Liquid",40819,*,,,,,
1063,"Eggs, Liquid",40899,*,,,,,
753,Essential oils nes,330190,*,,,,,
753,Essential oils nes,330130,*,,,,,
753,Essential oils nes,330129,*,,,,,
753,Essential oils nes,330125,*,,,,,
753,Essential oils nes,330112,*,,,,,
753,Essential oils nes,330119,*,,,,,
753,Essential oils nes,330113,*,,,,,
753,Essential oils nes,330124,*,,,,,
1424,"Ethylene dibromide (1,2-dibromoethane) (Trade)",290331,*,,,,,
1423,Ethylene dichloride (Trade),290315,*,,,,,
672,Extracts of Tea and Mate,210120,*,,,,,
949,Fat of buffalo,150200,*,,,,,
1129,Fat of camels,150600,*,,,,,
869,Fat of cattle,150200,*,,,,,
1019,Fat of goats,150200,*,,,,,
1160,Fat of other camelids,150600,*,,,,,
1037,Fat of pigs,20900,*,,,,,
1065,Fat of poultry,20900,*,,,,,
1066,"Fat of Poultry, Rendered",150100,*,,,,,
979,Fat of sheep,150200,*,,,,,
1243,Fat Preparations nes,151790,*,,,,,
1243,Fat Preparations nes,151620,*,,,,,
1243,Fat Preparations nes,151610,*,,,,,
1276,Fatty Acids,382311,*,,,,,
1276,Fatty Acids,382312,*,,,,,
1276,Fatty Acids,382313,*,,,,,
1276,Fatty Acids,382319,*,,,,,
1060,Fatty Liver Preparations,160220,*,,,,,
854,Feed Additives,230990,*,,,,,
855,Feed Minerals,230990,*,,,,,
850,Feed Supplements,230990,*,,,,,
849,Feed Yeast,230990,*,,,,,
1397,"Fertilizers Manufactured, nes",310590,*,,,,,
1397,"Fertilizers Manufactured, nes",310560,*,,,,,
1397,"Fertilizers Manufactured, nes",310559,*,,,,,
1397,"Fertilizers Manufactured, nes",310551,*,,,,,
1397,"Fertilizers Manufactured, nes",310530,*,,,,,
1397,"Fertilizers Manufactured, nes",310520,*,,,,,
1397,"Fertilizers Manufactured, nes",310510,*,,,,,
1397,"Fertilizers Manufactured, nes",310540,*,,,,,
1401,"Fertilizers, Organic",310100,*,,,,,
821,Fibre crops nes,530500,*,,,,,
569,Figs,80420,*,,,,,
570,"Figs, Dried",80420,*,,,,,
1030,Fine goat hair,510211,*,,,,,
1030,Fine goat hair,510219,*,,,,,
1174,Fish Meal,230120,*,,,,,
773,Flax fibre and tow,530121,*,,,,,
773,Flax fibre and tow,530129,*,,,,,
774,Flax tow and waste,530130,*,,,,,
771,"Flax, raw or retted",530110,*,,,,,
90,Flour of Buckwheat,110320,*,,,,,
90,Flour of Buckwheat,110319,*,,,,,
90,Flour of Buckwheat,110290,*,,,,,
126,Flour of Cassava,110620,*,,,,,
111,Flour of Cereals nes,110290,*,,,,,
111,Flour of Cereals nes,110319,*,,,,,
111,Flour of Cereals nes,110320,*,,,,,
95,Flour of Fonio,110290,*,,,,,
95,Flour of Fonio,110319,*,,,,,
95,Flour of Fonio,110320,*,,,,,
624,Flour of Fruits,110630,*,,,,,
58,Flour of Maize,110220,*,,,,,
58,Flour of Maize,110313,*,,,,,
58,Flour of Maize,110320,*,,,,,
80,Flour of Millet,110290,*,,,,,
80,Flour of Millet,110319,*,,,,,
80,Flour of Millet,110320,*,,,,,
104,Flour of Mixed Grain,110290,*,,,,,
104,Flour of Mixed Grain,110319,*,,,,,
104,Flour of Mixed Grain,110320,*,,,,,
295,Flour of Mustard Seed,210330,*,,,,,
343,Flour of Oilseeds,120810,*,,,,,
343,Flour of Oilseeds,120890,*,,,,,
117,Flour of Potatoes,110510,*,,,,,
117,Flour of Potatoes,110520,*,,,,,
212,Flour of Pulses,110610,*,,,,,
38,Flour of Rice,110290,*,,,,,
38,Flour of Rice,110319,*,,,,,
38,Flour of Rice,110320,*,,,,,
150,Flour of Roots and Tubers nes,110620,*,,,,,
72,Flour of Rye,110320,*,,,,,
72,Flour of Rye,110319,*,,,,,
72,Flour of Rye,110210,*,,,,,
84,Flour of Sorghum,110290,*,,,,,
84,Flour of Sorghum,110319,*,,,,,
84,Flour of Sorghum,110320,*,,,,,
98,Flour of Triticale,110320,*,,,,,
98,Flour of Triticale,110290,*,,,,,
98,Flour of Triticale,110319,*,,,,,
16,Flour of Wheat,110100,*,,,,,
16,Flour of Wheat,110311,*,,,,,
16,Flour of Wheat,110320,*,,,,,
1439,"Fluoroacetamide, monocrotophos & phosphamidon (Trade)",292412,*,,,,,
94,Fonio,100890,*,,,,,
1232,Food Preparations nes,220900,*,,,,,
1232,Food Preparations nes,210690,*,,,,,
1232,Food Preparations nes,210610,*,,,,,
1232,Food Preparations nes,210420,*,,,,,
1232,Food Preparations nes,210390,*,,,,,
1232,Food Preparations nes,210320,*,,,,,
1232,Food Preparations nes,210410,*,,,,,
1232,Food Preparations nes,210220,*,,,,,
1232,Food Preparations nes,210210,*,,,,,
1232,Food Preparations nes,210230,*,,,,,
1232,Food Preparations nes,190240,*,,,,,
1232,Food Preparations nes,190230,*,,,,,
1232,Food Preparations nes,190220,*,,,,,
1232,Food Preparations nes,41000,*,,,,,
115,"Food Preparations of Flour, Meal or Malt Extract",190190,*,,,,,
1259,"Food Waste, Prep. for Feed",230700,*,,,,,
1259,"Food Waste, Prep. for Feed",230990,*,,,,,
653,Food Wastes,230700,*,,,,,
653,Food Wastes,230990,*,,,,,
651,Forage Products nes,121490,*,,,,,
118,Frozen Potatoes,71010,*,,,,,
154,"Fructose, Chemically Pure",170250,*,,,,,
620,"Fruit, dried nes",81340,*,,,,,
620,"Fruit, dried nes",81350,*,,,,,
620,"Fruit, dried nes",81330,*,,,,,
619,"Fruit, fresh nes",81090,*,,,,,
625,"Fruit, Nuts, Peel, Sugar Preserved",200600,*,,,,,
623,"Fruit, prepared nes",200892,*,,,,,
623,"Fruit, prepared nes",200891,*,,,,,
623,"Fruit, prepared nes",200880,*,,,,,
623,"Fruit, prepared nes",200870,*,,,,,
623,"Fruit, prepared nes",200860,*,,,,,
623,"Fruit, prepared nes",200850,*,,,,,
623,"Fruit, prepared nes",200840,*,,,,,
623,"Fruit, prepared nes",200830,*,,,,,
623,"Fruit, prepared nes",200791,*,,,,,
623,"Fruit, prepared nes",200190,*,,,,,
623,"Fruit, prepared nes",81400,*,,,,,
623,"Fruit, prepared nes",81290,*,,,,,
623,"Fruit, prepared nes",81210,*,,,,,
623,"Fruit, prepared nes",81190,*,,,,,
623,"Fruit, prepared nes",81120,*,,,,,
623,"Fruit, prepared nes",81110,*,,,,,
623,"Fruit, prepared nes",200799,*,,,,,
623,"Fruit, prepared nes",200899,*,,,,,
604,"Fruit, tropical (Dried) nes",80300,*,,,,,
604,"Fruit, tropical (Dried) nes",80430,*,,,,,
604,"Fruit, tropical (Dried) nes",80440,*,,,,,
604,"Fruit, tropical (Dried) nes",80450,*,,,,,
604,"Fruit, tropical (Dried) nes",81340,*,,,,,
604,"Fruit, tropical (Dried) nes",81350,*,,,,,
603,"Fruit, tropical (fresh) nes",81090,*,,,,,
603,"Fruit, tropical (fresh) nes",81060,*,,,,,
603,"Fruit, tropical (fresh) nes",80450,*,,,,,
1444,Fungicides (excl. Haz. pest.) (Trade),380892,*,,,,,
1417,Fungicides (Trade),380850,*,,,,,
1417,Fungicides (Trade),380892,*,,,,,
1331,"Fungicides and bactericides, total",380892,*,,,,,
1352,"Fungicides seed treatments, total (Consumption)",380892,*,,,,,
1195,Fur skin,430110,*,,,,,
1195,Fur skin,430160,*,,,,,
1195,Fur skin,430180,*,,,,,
1195,Fur skin,430190,*,,,,,
1163,Game meat,20890,*,,,,,
406,Garlic,70320,*,,,,,
1072,Geese,10599,*,,,,,
1072,Geese,10519,*,,,,,
57,Germ of Maize,110430,*,,,,,
19,Germ of Wheat,110430,*,,,,,
887,Ghee from Cow Milk,40590,*,,,,,
953,"Ghee, from Buffalo Milk",40590,*,,,,,
720,Ginger,91010,*,,,,,
172,Glucose and Dextrose,170230,*,,,,,
172,Glucose and Dextrose,170240,*,,,,,
846,Gluten Feed and Meal,230310,*,,,,,
1017,Goat meat,20450,*,,,,,
1020,Goat milk,40120,*,,,,,
1020,Goat milk,40130,*,,,,,
1016,Goats,10420,*,,,,,
1025,"Goatskins, fresh",410390,*,,,,,
1073,Goose meat,20732,*,,,,,
1073,Goose meat,20733,*,,,,,
1073,Goose meat,20735,*,,,,,
1073,Goose meat,20736,*,,,,,
549,Gooseberries,81090,*,,,,,
507,Grapefruit and pomelo,80540,*,,,,,
510,"Grapefruit Juice, Concentrated",200929,*,,,,,
560,Grapes,80610,*,,,,,
639,Grasses nes for forage,121490,*,,,,,
446,Green Corn (Maize),70990,*,,,,,
642,Green oilseeds for silage,121490,*,,,,,
242,"Groundnuts, in shell",120210,*,,,,,
243,"Groundnuts, Shelled",120220,*,,,,,
1100,Hair of horses,510220,*,,,,,
1008,"Hair, Carded, Combed",510510,*,,,,,
1008,"Hair, Carded, Combed",510521,*,,,,,
1008,"Hair, Carded, Combed",510529,*,,,,,
1008,"Hair, Carded, Combed",510531,*,,,,,
1008,"Hair, Carded, Combed",510539,*,,,,,
1008,"Hair, Carded, Combed",510540,*,,,,,
1219,"Hair, coarse nes",510220,*,,,,,
1218,"Hair, fine",510219,*,,,,,
2455014,Harvester and threshers (trade),843710,*,,,,,
2455014,Harvester and threshers (trade),843360,*,,,,,
2455014,Harvester and threshers (trade),843359,*,,,,,
2455014,Harvester and threshers (trade),843353,*,,,,,
2455014,Harvester and threshers (trade),843352,*,,,,,
2455014,Harvester and threshers (trade),843390,*,,,,,
2455014,Harvester and threshers (trade),843340,*,,,,,
2455014,Harvester and threshers (trade),843330,*,,,,,
2455014,Harvester and threshers (trade),843320,*,,,,,
2455014,Harvester and threshers (trade),843319,*,,,,,
2455014,Harvester and threshers (trade),843311,*,,,,,
2455014,Harvester and threshers (trade),843351,*,,,,,
858,"Hay (Clover, Lucerne, etc.)",121490,*,,,,,
859,Hay nes,121490,*,,,,,
857,"Hay, non leguminous",121490,*,,,,,
1442,Hazardous pesticides (Trade),380850,*,,,,,
225,Hazelnuts (Filberts),80221,*,,,,,
233,"Hazelnuts, Shelled",80222,*,,,,,
1425,HCH (mixed isomers) / Lindane (Trade),290351,*,,,,,
777,Hemp fibre and tow,530210,*,,,,,
777,Hemp fibre and tow,530290,*,,,,,
336,Hempseed,120799,*,,,,,
1062,Hen eggs,40700,*,,,,,
1067,"Hen eggs, (number)",40700,*,,,,,
1445,Herbicides (excl. Haz. pest.) (Trade),380893,*,,,,,
1418,Herbicides (Trade),380850,*,,,,,
1418,Herbicides (Trade),380893,*,,,,,
1320,"Herbicides, total",380893,*,,,,,
1213,"Hides and skins nes, fresh",410320,*,,,,,
1213,"Hides and skins nes, fresh",410390,*,,,,,
1216,Hides nes,410320,*,,,,,
1216,Hides nes,410390,*,,,,,
1136,"Hides nes, Camels",410390,*,,,,,
922,"Hides nes, Cattle",410120,*,,,,,
922,"Hides nes, Cattle",410150,*,,,,,
922,"Hides nes, Cattle",410190,*,,,,,
1105,"Hides nes, Horses",410190,*,,,,,
1105,"Hides nes, Horses",410120,*,,,,,
1105,"Hides nes, Horses",410150,*,,,,,
1109,"Hides of asses, fresh",410120,*,,,,,
1109,"Hides of asses, fresh",410150,*,,,,,
1109,"Hides of asses, fresh",410190,*,,,,,
1112,"Hides of mules, fresh",410120,*,,,,,
1112,"Hides of mules, fresh",410150,*,,,,,
1112,"Hides of mules, fresh",410190,*,,,,,
959,"Hides, Dry-Salted (Buffalo)",410190,*,,,,,
959,"Hides, Dry-Salted (Buffalo)",410150,*,,,,,
959,"Hides, Dry-Salted (Buffalo)",410120,*,,,,,
1135,"Hides, Dry-Salted (Camels)",410390,*,,,,,
921,"Hides, Dry-Salted (Cattle)",410190,*,,,,,
921,"Hides, Dry-Salted (Cattle)",410120,*,,,,,
921,"Hides, Dry-Salted (Cattle)",410150,*,,,,,
1104,"Hides, Dry-Salted (Horses)",410120,*,,,,,
1104,"Hides, Dry-Salted (Horses)",410150,*,,,,,
1104,"Hides, Dry-Salted (Horses)",410190,*,,,,,
1215,"Hides, Dry-Salted nes",410390,*,,,,,
1215,"Hides, Dry-Salted nes",410320,*,,,,,
958,"Hides, Wet-Salted (Buffalo)",410120,*,,,,,
958,"Hides, Wet-Salted (Buffalo)",410150,*,,,,,
958,"Hides, Wet-Salted (Buffalo)",410190,*,,,,,
1134,"Hides, Wet-Salted (Camels)",410390,*,,,,,
920,"Hides, Wet-Salted (Cattle)",410120,*,,,,,
920,"Hides, Wet-Salted (Cattle)",410150,*,,,,,
920,"Hides, Wet-Salted (Cattle)",410190,*,,,,,
1103,"Hides, Wet-Salted (Horses)",410120,*,,,,,
1103,"Hides, Wet-Salted (Horses)",410150,*,,,,,
1103,"Hides, Wet-Salted (Horses)",410190,*,,,,,
1214,"Hides, Wet-Salted nes",410320,*,,,,,
1214,"Hides, Wet-Salted nes",410390,*,,,,,
626,"Homogenized Cooked Fruit, Prepared",200710,*,,,,,
877,Homogenized Meat Preparations,160210,*,,,,,
476,Homogenized Vegetable Preparations,200510,*,,,,,
1182,Honey,40900,*,,,,,
677,Hops,121010,*,,,,,
677,Hops,121020,*,,,,,
1102,"Horse hides, fresh",410120,*,,,,,
1102,"Horse hides, fresh",410150,*,,,,,
1102,"Horse hides, fresh",410190,*,,,,,
1097,Horse meat,20500,*,,,,,
1096,Horses,10110,*,,,,,
1096,Horses,10190,*,,,,,
1275,Hydrogenated Oils and Fats,151610,*,,,,,
1275,Hydrogenated Oils and Fats,151620,*,,,,,
910,Ice Cream and Edible Ice,210500,*,,,,,
109,Infant Food,190110,*,,,,,
1443,Insecticides (excl. Haz. pest.) (Trade),380891,*,,,,,
1416,Insecticides (Trade),380891,*,,,,,
1416,Insecticides (Trade),380850,*,,,,,
1353,"Insecticides seed treatments, total (Consumption)",380891,*,,,,,
1309,"Insecticides, total (Consumption)",380891,*,,,,,
175,Isoglucose,170230,*,,,,,
175,Isoglucose,170240,*,,,,,
175,Isoglucose,170260,*,,,,,
175,Isoglucose,170290,*,,,,,
278,Jojoba Oil,151590,*,,,,,
277,Jojoba Seeds,120799,*,,,,,
513,Juice of Citrus Fruit nes,200931,*,,,,,
622,Juice of fruits nes,200980,*,,,,,
622,Juice of fruits nes,200990,*,,,,,
562,Juice of Grape,200969,*,,,,,
562,Juice of Grape,200961,*,,,,,
509,Juice of Grapefruit,200921,*,,,,,
498,Juice of Lemon,200931,*,,,,,
583,Juice of Mango,200980,*,,,,,
491,Juice of Orange,200912,*,,,,,
491,Juice of Orange,200911,*,,,,,
576,Juice of Pineapples,200941,*,,,,,
580,"Juice of Pineapples, Concentrated",200949,*,,,,,
538,Juice of plum,200980,*,,,,,
539,"Juice of plum, concentrated",200980,*,,,,,
496,"Juice of Tangerine, Mandarin and Clementin",200931,*,,,,,
390,Juice of Tomatoes,200950,*,,,,,
466,Juice of Vegetables nes,200980,*,,,,,
466,Juice of Vegetables nes,200990,*,,,,,
780,Jute,530310,*,,,,,
780,Jute,530390,*,,,,,
782,Jute-like fibres,530310,*,,,,,
782,Jute-like fibres,530390,*,,,,,
778,Kapok fibre,530500,*,,,,,
310,Kapok fruit,120799,*,,,,,
311,Kapokseed in shell,120799,*,,,,,
312,"Kapokseed, shelled",120799,*,,,,,
1002,Karakul skins,430130,*,,,,,
263,Karite Nuts (Sheanuts),120799,*,,,,,
592,Kiwi fruit,81050,*,,,,,
224,Kolanuts,80290,*,,,,,
173,Lactose,170211,*,,,,,
173,Lactose,170219,*,,,,,
1043,Lard,150100,*,,,,,
1221,Lard Stearine and Lard Oil,150300,*,,,,,
1217,"Leather, Used and Waste",411520,*,,,,,
650,"Leaves, Tops and Vines nes",230800,*,,,,,
407,Leeks and other alliaceous vegetables,70390,*,,,,,
643,Legumes for silage,121490,*,,,,,
499,"Lemon Juice, Concentrated",200939,*,,,,,
497,Lemons and limes,80550,*,,,,,
201,"Lentils, dry",71340,*,,,,,
372,Lettuce and chicory,70521,*,,,,,
372,Lettuce and chicory,70529,*,,,,,
372,Lettuce and chicory,70519,*,,,,,
372,Lettuce and chicory,70511,*,,,,,
333,Linseed,120400,*,,,,,
1241,Liquid Margarine,151790,*,,,,,
1171,Live animals nes,10690,*,,,,,
1171,Live animals nes,10611,*,,,,,
1171,Live animals nes,10612,*,,,,,
1171,Live animals nes,10619,*,,,,,
1171,Live animals nes,10620,*,,,,,
1171,Live animals nes,10639,*,,,,,
1169,"Live animals, non food nes",10620,*,,,,,
1169,"Live animals, non food nes",10619,*,,,,,
1169,"Live animals, non food nes",10611,*,,,,,
1169,"Live animals, non food nes",10612,*,,,,,
878,Liver Preparations,160220,*,,,,,
210,Lupins,121490,*,,,,,
18,Macaroni,190211,*,,,,,
18,Macaroni,190219,*,,,,,
56,Maize,100510,*,,,,,
56,Maize,100590,*,,,,,
636,Maize for forage,121490,*,,,,,
63,Maize Gluten,230310,*,,,,,
49,Malt,110710,*,,,,,
49,Malt,110720,*,,,,,
50,Malt Extract,190190,*,,,,,
155,"Maltose, Chemically Pure",170290,*,,,,,
584,Mango Pulp,200899,*,,,,,
571,Mangoes,80450,*,,,,,
2455003,Manure spreaders and Fert. distributors,843240,*,,,,,
160,Maple Sugar and Syrups,170220,*,,,,,
566,Marc of Grape,230800,*,,,,,
1242,Margarine and Shortening,151710,*,,,,,
1242,Margarine and Shortening,151790,*,,,,,
671,Mate,90300,*,,,,,
873,Meat Extracts,160300,*,,,,,
1173,Meat Meal,230110,*,,,,,
1166,Meat nes,20850,*,,,,,
1166,Meat nes,20890,*,,,,,
1166,Meat nes,20830,*,,,,,
1166,Meat nes,20840,*,,,,,
1108,Meat of asses,20500,*,,,,,
1127,Meat of camels,20890,*,,,,,
867,Meat of cattle,20220,*,,,,,
867,Meat of cattle,20210,*,,,,,
867,Meat of cattle,20110,*,,,,,
867,Meat of cattle,20120,*,,,,,
870,"Meat of cattle, boneless",20130,*,,,,,
870,"Meat of cattle, boneless",20230,*,,,,,
1111,Meat of mules,20500,*,,,,,
1158,Meat of other domestic camelids,20890,*,,,,,
1151,Meat of other domestic rodents,20890,*,,,,,
1089,Meat of pigeons and other birds nes,20890,*,,,,,
977,Meat of sheep,20410,*,,,,,
977,Meat of sheep,20421,*,,,,,
977,Meat of sheep,20422,*,,,,,
977,Meat of sheep,20423,*,,,,,
977,Meat of sheep,20430,*,,,,,
977,Meat of sheep,20441,*,,,,,
977,Meat of sheep,20442,*,,,,,
977,Meat of sheep,20443,*,,,,,
1061,"Meat, Canned (Poultry)",160231,*,,,,,
1061,"Meat, Canned (Poultry)",160232,*,,,,,
1061,"Meat, Canned (Poultry)",160239,*,,,,,
1164,"Meat, Dried nes",21091,*,,,,,
1164,"Meat, Dried nes",21092,*,,,,,
1164,"Meat, Dried nes",21093,*,,,,,
1164,"Meat, Dried nes",21099,*,,,,,
1172,"Meat, Prepared nes",160290,*,,,,,
1172,"Meat, Prepared nes",160100,*,,,,,
568,"Melons, Cantaloupes",80719,*,,,,,
299,Melonseed,120799,*,,,,,
1422,Mercury compounds etc. excl. amalgams spartana (Trade),285200,*,,,,,
2455008,Milking machines,843410,*,,,,,
2455015,"Milking, dairy machinery (trade)",843410,*,,,,,
2455015,"Milking, dairy machinery (trade)",843420,*,,,,,
2455015,"Milking, dairy machinery (trade)",843490,*,,,,,
79,Millet,100820,*,,,,,
103,Mixed grain,100890,*,,,,,
114,Mixes and Doughs,190120,*,,,,,
165,Molasses,170310,*,,,,,
165,Molasses,170390,*,,,,,
310540,Monoammonium phosphate (MAP),310540,*,,,,,
1110,Mules,10190,*,,,,,
449,Mushrooms,70951,*,,,,,
449,Mushrooms,70959,*,,,,,
563,Must of Grape,220421,*,,,,,
563,Must of Grape,220429,*,,,,,
563,Must of Grape,220430,*,,,,,
292,Mustard seed,120750,*,,,,,
839,Natural gums,400130,*,,,,,
1399,Natural Phosphates,251010,*,,,,,
1399,Natural Phosphates,251020,*,,,,,
1400,Natural Potassic Salts,310490,*,,,,,
836,Natural rubber,400110,*,,,,,
1398,Natural Sodium Nitrate,310250,*,,,,,
3102,Nitrogen Fertilizers (N total nutrients),310290,*,,,,,
3102,Nitrogen Fertilizers (N total nutrients),310280,*,,,,,
3102,Nitrogen Fertilizers (N total nutrients),310260,*,,,,,
3102,Nitrogen Fertilizers (N total nutrients),310240,*,,,,,
3102,Nitrogen Fertilizers (N total nutrients),310250,*,,,,,
3102,Nitrogen Fertilizers (N total nutrients),310229,*,,,,,
3102,Nitrogen Fertilizers (N total nutrients),310221,*,,,,,
3102,Nitrogen Fertilizers (N total nutrients),310210,*,,,,,
3102,Nitrogen Fertilizers (N total nutrients),310230,*,,,,,
1360,Nitrogenous fertilizers,310290,*,,,,,
1360,Nitrogenous fertilizers,310260,*,,,,,
1360,Nitrogenous fertilizers,310240,*,,,,,
1360,Nitrogenous fertilizers,310280,*,,,,,
1360,Nitrogenous fertilizers,310229,*,,,,,
1360,Nitrogenous fertilizers,310221,*,,,,,
1360,Nitrogenous fertilizers,310210,*,,,,,
1360,Nitrogenous fertilizers,310230,*,,,,,
851,Non-Protein Nitrogens,230990,*,,,,,
310620,NPK blends,310510,*,,,,,
310620,NPK blends,310520,*,,,,,
310610,NPK complex,310510,*,,,,,
310610,NPK complex,310520,*,,,,,
310510,NPK complex <= 10kg,310510,*,,,,,
310520,NPK complex >10kg,310520,*,,,,,
702,"Nutmeg, mace, cardamoms",90810,*,,,,,
702,"Nutmeg, mace, cardamoms",90820,*,,,,,
702,"Nutmeg, mace, cardamoms",90830,*,,,,,
234,Nuts nes,80290,*,,,,,
234,Nuts nes,80260,*,,,,,
75,Oats,100400,*,,,,,
76,"Oats, Rolled",110412,*,,,,,
76,"Oats, Rolled",110422,*,,,,,
1059,Offals and liver of chickens,20735,*,,,,,
1059,Offals and liver of chickens,20736,*,,,,,
1059,Offals and liver of chickens,20713,*,,,,,
1059,Offals and liver of chickens,20714,*,,,,,
1075,Offals and liver of ducks,20736,*,,,,,
1075,Offals and liver of ducks,20735,*,,,,,
1075,Offals and liver of ducks,20734,*,,,,,
1074,Offals and liver of geese,20734,*,,,,,
1074,Offals and liver of geese,20735,*,,,,,
1074,Offals and liver of geese,20736,*,,,,,
1081,Offals and liver of turkey,20726,*,,,,,
1081,Offals and liver of turkey,20727,*,,,,,
1167,Offals nes,20680,*,,,,,
1167,Offals nes,20690,*,,,,,
1167,Offals nes,20810,*,,,,,
1167,Offals nes,20830,*,,,,,
1167,Offals nes,20840,*,,,,,
1167,Offals nes,20850,*,,,,,
1167,Offals nes,20890,*,,,,,
948,"Offals of buffalo, edible",20629,*,,,,,
948,"Offals of buffalo, edible",20610,*,,,,,
948,"Offals of buffalo, edible",20621,*,,,,,
948,"Offals of buffalo, edible",20622,*,,,,,
948,"Offals of buffalo, edible",50400,*,,,,,
1128,"Offals of camels, edibles",20890,*,,,,,
868,"Offals of cattle, edible",20610,*,,,,,
868,"Offals of cattle, edible",20621,*,,,,,
868,"Offals of cattle, edible",20622,*,,,,,
868,"Offals of cattle, edible",20629,*,,,,,
868,"Offals of cattle, edible",50400,*,,,,,
1018,"Offals of goats, edible",20680,*,,,,,
1018,"Offals of goats, edible",20690,*,,,,,
1018,"Offals of goats, edible",50400,*,,,,,
1098,Offals of horses,20680,*,,,,,
1098,Offals of horses,20690,*,,,,,
1036,"Offals of pigs, edible",20630,*,,,,,
1036,"Offals of pigs, edible",20641,*,,,,,
1036,"Offals of pigs, edible",20649,*,,,,,
1036,"Offals of pigs, edible",50400,*,,,,,
978,"Offals of sheep, edible",50400,*,,,,,
978,"Offals of sheep, edible",20680,*,,,,,
978,"Offals of sheep, edible",20690,*,,,,,
1223,Oil from Fish and Marine Mammals,150430,*,,,,,
1223,Oil from Fish and Marine Mammals,150420,*,,,,,
1223,Oil from Fish and Marine Mammals,150410,*,,,,,
266,Oil of Castor Beans,151530,*,,,,,
737,Oil of citronella,330129,*,,,,,
252,Oil of Coconuts,151311,*,,,,,
252,Oil of Coconuts,151319,*,,,,,
331,Oil of Cottonseed,151229,*,,,,,
331,Oil of Cottonseed,151221,*,,,,,
244,Oil of Groundnuts,150810,*,,,,,
244,Oil of Groundnuts,150890,*,,,,,
337,Oil of Hempseed,151590,*,,,,,
313,Oil of Kapok,151590,*,,,,,
334,Oil of Linseed,151511,*,,,,,
334,Oil of Linseed,151519,*,,,,,
60,Oil of Maize,151521,*,,,,,
60,Oil of Maize,151529,*,,,,,
293,Oil of Mustard Seed,151499,*,,,,,
293,Oil of Mustard Seed,151491,*,,,,,
274,Oil of Olive Residues,151000,*,,,,,
261,"Oil of Olives, Virgin",150910,*,,,,,
257,Oil of palm,151190,*,,,,,
257,Oil of palm,151110,*,,,,,
258,Oil of Palm Kernel,151321,*,,,,,
258,Oil of Palm Kernel,151329,*,,,,,
297,Oil of Poppy Seed,151590,*,,,,,
271,Oil of Rapeseed or Canola oil,151499,*,,,,,
271,Oil of Rapeseed or Canola oil,151491,*,,,,,
271,Oil of Rapeseed or Canola oil,151411,*,,,,,
271,Oil of Rapeseed or Canola oil,151419,*,,,,,
36,Oil of Rice Bran,151590,*,,,,,
281,Oil of Safflower Seed,151211,*,,,,,
281,Oil of Safflower Seed,151219,*,,,,,
290,Oil of Sesame Seed,151550,*,,,,,
237,Oil of Soybeans,150710,*,,,,,
237,Oil of Soybeans,150790,*,,,,,
268,Oil of Sunflower Seed,151211,*,,,,,
268,Oil of Sunflower Seed,151219,*,,,,,
276,Oil of Tung Nuts,151590,*,,,,,
340,Oil of Vegetable Origin nes,151590,*,,,,,
340,Oil of Vegetable Origin nes,150990,*,,,,,
1274,"Oils Boiled, Dehydrated, etc.",151800,*,,,,,
339,Oilseeds nes,120799,*,,,,,
430,Okra,70990,*,,,,,
273,Olive Residues,230690,*,,,,,
260,Olives,70990,*,,,,,
262,"Olives, Preserved",200490,*,,,,,
262,"Olives, Preserved",71120,*,,,,,
262,"Olives, Preserved",200190,*,,,,,
262,"Olives, Preserved",200570,*,,,,,
403,"Onions, dry",70310,*,,,,,
402,"Onions, shallots (green)",70310,*,,,,,
492,"Orange Juice, Concentrated",200911,*,,,,,
492,"Orange Juice, Concentrated",200919,*,,,,,
490,Oranges,80510,*,,,,,
2455013,Other Agricultural tractors,870190,*,,,,,
1157,Other camelids,10619,*,,,,,
852,Other Concentrates nes,230990,*,,,,,
166,Other Fructose and Syrup,170260,*,,,,,
310551,Other nitrogen & phosphates compounds,310551,*,,,,,
310559,Other nitrogen & phosphorus compounds,310559,*,,,,,
310500,Other NP compounds,310559,*,,,,,
310500,Other NP compounds,310551,*,,,,,
1292,Other resins,130190,*,,,,,
1150,Other rodents,10619,*,,,,,
1432,Oxirane (ethylene oxide) (Trade),291010,*,,,,,
256,Palm kernels,120999,*,,,,,
600,Papayas,80720,*,,,,,
1438,Parathion & parathion-methyl (Trade),292011,*,,,,,
391,Paste of Tomatoes,200290,*,,,,,
22,Pastry,190590,*,,,,,
22,Pastry,190520,*,,,,,
22,Pastry,190531,*,,,,,
22,Pastry,190532,*,,,,,
22,Pastry,190540,*,,,,,
534,Peaches and nectarines,80930,*,,,,,
247,Peanut Butter,200811,*,,,,,
521,Pears,80820,*,,,,,
187,"Peas, dry",71310,*,,,,,
417,"Peas, green",70810,*,,,,,
2455010,Pedestrian controlled tractors,870110,*,,,,,
1428,Pentachlorophenol (Trade),290811,*,,,,,
687,Pepper,90411,*,,,,,
687,Pepper,90412,*,,,,,
748,"Peppermint, Spearmint",121190,*,,,,,
587,Persimmons,81090,*,,,,,
1357,Pesticides (Trade),380850,*,,,,,
1357,Pesticides (Trade),380891,*,,,,,
1357,Pesticides (Trade),380892,*,,,,,
1357,Pesticides (Trade),380893,*,,,,,
1357,Pesticides (Trade),380894,*,,,,,
1357,Pesticides (Trade),380899,*,,,,,
843,Pet Food,230910,*,,,,,
1375,Phosphate fertilizers,310310,*,,,,,
1375,Phosphate fertilizers,310390,*,,,,,
3103,Phosphate Fertilizers (P205 total nutrients),310390,*,,,,,
3103,Phosphate Fertilizers (P205 total nutrients),310310,*,,,,,
2510,Phosphate rock,251020,*,,,,,
2510,Phosphate rock,251010,*,,,,,
1035,Pig meat,20329,*,,,,,
1035,Pig meat,20322,*,,,,,
1035,Pig meat,20321,*,,,,,
1035,Pig meat,20311,*,,,,,
1035,Pig meat,20312,*,,,,,
1035,Pig meat,20319,*,,,,,
1042,Pig Meat Preparations,160242,*,,,,,
1042,Pig Meat Preparations,160241,*,,,,,
1042,Pig Meat Preparations,160249,*,,,,,
1040,"Pig, Butcher Fat",20900,*,,,,,
197,Pigeon peas,71390,*,,,,,
1083,Pigeons and other birds,10639,*,,,,,
1083,Pigeons and other birds,10631,*,,,,,
1083,Pigeons and other birds,10632,*,,,,,
1034,Pigs,10310,*,,,,,
1034,Pigs,10391,*,,,,,
1034,Pigs,10392,*,,,,,
1044,"Pigskins, fresh",410330,*,,,,,
689,Pimento,90420,*,,,,,
574,Pineapples,80430,*,,,,,
575,"Pineapples, Canned",200820,*,,,,,
223,Pistachios,80250,*,,,,,
310560,PK compounds,310560,*,,,,,
489,Plantains,80300,*,,,,,
2455001,Ploughs,843210,*,,,,,
536,Plums,80940,*,,,,,
537,"Plums, dried",81320,*,,,,,
542,Pome fruit nes,81090,*,,,,,
68,Popcorn,100510,*,,,,,
68,Popcorn,100590,*,,,,,
296,Poppy seed,120791,*,,,,,
1038,Pork,20329,*,,,,,
1038,Pork,20319,*,,,,,
45,Pot Barley,110429,*,,,,,
1386,Potash fertilizers,310420,*,,,,,
1386,Potash fertilizers,310430,*,,,,,
1386,Potash fertilizers,310490,*,,,,,
3104,Potash Fertilizers (K20 total nutrients),310420,*,,,,,
3104,Potash Fertilizers (K20 total nutrients),310430,*,,,,,
3104,Potash Fertilizers (K20 total nutrients),310490,*,,,,,
310420,Potassium chloride (Muriate of potash),310420,*,,,,,
283421,Potassium nitrate,283421,*,,,,,
310430,Potassium sulphate,310430,*,,,,,
120,Potato Offals,230310,*,,,,,
116,Potatoes,70110,*,,,,,
116,Potatoes,70190,*,,,,,
246,Prepared Groundnuts,200811,*,,,,,
235,Prepared Nuts,81190,*,,,,,
235,Prepared Nuts,81290,*,,,,,
235,Prepared Nuts,200190,*,,,,,
235,Prepared Nuts,200799,*,,,,,
235,Prepared Nuts,200819,*,,,,,
907,Processed Cheese,40630,*,,,,,
907,Processed Cheese,40690,*,,,,,
909,"Products of Natural Milk Constitue, nes",40490,*,,,,,
628,"Pulp, Waste of Fruit for Feed",230800,*,,,,,
211,Pulses nes,71390,*,,,,,
645,Pumpkins for fodder,121490,*,,,,,
394,"Pumpkins, squash and gourds",70990,*,,,,,
755,Pyrethrum Extract,130219,*,,,,,
756,Pyrethrum Marc,121190,*,,,,,
754,"Pyrethrum, dried flowers",121190,*,,,,,
523,Quinces,80820,*,,,,,
92,Quinoa,100890,*,,,,,
1141,Rabbit meat,20810,*,,,,,
1146,Rabbit skins,430180,*,,,,,
1140,Rabbits,10619,*,,,,,
561,Raisins,80620,*,,,,,
788,Ramie,530500,*,,,,,
270,Rapeseed or colza seed,120510,*,,,,,
270,Rapeseed or colza seed,120590,*,,,,,
547,Raspberries,81020,*,,,,,
908,Reconstituted Milk,40120,*,,,,,
908,Reconstituted Milk,40110,*,,,,,
1277,Residues of Fatty Substances,152200,*,,,,,
32,"Rice, Broken",100640,*,,,,,
33,"Rice, Gluten",230310,*,,,,,
28,"Rice, Husked",100620,*,,,,,
31,"Rice, Milled",100630,*,,,,,
29,"Rice, Milled (Husked)",100630,*,,,,,
27,"Rice, paddy",100610,*,,,,,
39,Rice-Fermented Beverages,220600,*,,,,,
1345,"Rodenticides, total (Consumption)",380899,*,,,,,
2455006,Root or tuber harvesting machines,843353,*,,,,,
149,Roots and tubers nes,71490,*,,,,,
151,"Roots and Tubers, Dried nes",71490,*,,,,,
837,"Rubber, Natural (Dry)",400121,*,,,,,
837,"Rubber, Natural (Dry)",400122,*,,,,,
837,"Rubber, Natural (Dry)",400129,*,,,,,
71,Rye,100200,*,,,,,
638,Rye grass for forage,121490,*,,,,,
280,Safflower seed,120799,*,,,,,
1429,Salts of Pentachlorophenol (excl 280811),290819,*,,,,,
874,Sausages of Beef and Veal,160100,*,,,,,
1041,Sausages of Pig Meat,160100,*,,,,,
2455002,Seeders,843230,*,,,,,
1294,Seeds for Planting,120930,*,,,,,
1294,Seeds for Planting,120929,*,,,,,
1294,Seeds for Planting,120925,*,,,,,
1294,Seeds for Planting,120924,*,,,,,
1294,Seeds for Planting,120991,*,,,,,
1294,Seeds for Planting,120922,*,,,,,
1294,Seeds for Planting,120921,*,,,,,
1294,Seeds for Planting,120910,*,,,,,
1294,Seeds for Planting,120923,*,,,,,
1294,Seeds for Planting,120999,*,,,,,
289,Sesame seed,120740,*,,,,,
976,Sheep,10410,*,,,,,
982,Sheep milk,40120,*,,,,,
982,Sheep milk,40130,*,,,,,
995,"Sheepskins, fresh",410210,*,,,,,
995,"Sheepskins, fresh",410229,*,,,,,
1186,"Silk, Raw",500200,*,,,,,
789,Sisal,530500,*,,,,,
954,Skim Milk of Buffalo,40110,*,,,,,
954,Skim Milk of Buffalo,40120,*,,,,,
888,Skim Milk of Cows,40110,*,,,,,
888,Skim Milk of Cows,40120,*,,,,,
1023,Skim Milk of Goat,40110,*,,,,,
1023,Skim Milk of Goat,40120,*,,,,,
896,"Skim Milk, Condensed",40299,*,,,,,
895,"Skim Milk, Evaporated",40291,*,,,,,
985,Skim Sheep Milk,40110,*,,,,,
985,Skim Sheep Milk,40120,*,,,,,
930,"Skins nes, Calves",410120,*,,,,,
930,"Skins nes, Calves",410150,*,,,,,
930,"Skins nes, Calves",410190,*,,,,,
1028,"Skins nes, Goats",410390,*,,,,,
1047,"Skins nes, Pigs",410330,*,,,,,
998,"Skins nes, Sheep",410221,*,,,,,
998,"Skins nes, Sheep",410229,*,,,,,
999,"Skins with Wool, Sheep",410210,*,,,,,
929,"Skins, Dry-Salted (Calves)",410120,*,,,,,
929,"Skins, Dry-Salted (Calves)",410150,*,,,,,
929,"Skins, Dry-Salted (Calves)",410190,*,,,,,
1027,"Skins, Dry-Salted (Goats)",410390,*,,,,,
1046,"Skins, Dry-Salted (Pigs)",410330,*,,,,,
997,"Skins, Dry-Salted (Sheep)",410229,*,,,,,
927,"Skins, fresh (calves)",410190,*,,,,,
927,"Skins, fresh (calves)",410120,*,,,,,
927,"Skins, fresh (calves)",410150,*,,,,,
928,"Skins, Wet-Salted (Calves)",410150,*,,,,,
928,"Skins, Wet-Salted (Calves)",410190,*,,,,,
928,"Skins, Wet-Salted (Calves)",410120,*,,,,,
1026,"Skins, Wet-Salted (Goats)",410390,*,,,,,
1045,"Skins, Wet-Salted (Pigs)",410330,*,,,,,
996,"Skins, Wet-Salted (Sheep)",410229,*,,,,,
1176,Snails o/t sea snails,30760,*,,,,,
2455016,Soil machinery (trade),843290,*,,,,,
2455016,Soil machinery (trade),843280,*,,,,,
2455016,Soil machinery (trade),843240,*,,,,,
2455016,Soil machinery (trade),843230,*,,,,,
2455016,Soil machinery (trade),843221,*,,,,,
2455016,Soil machinery (trade),843210,*,,,,,
2455016,Soil machinery (trade),843229,*,,,,,
83,Sorghum,100700,*,,,,,
637,Sorghum for forage,121490,*,,,,,
530,Sour cherries,80920,*,,,,,
241,Soya Curd,210610,*,,,,,
240,Soya Paste,210390,*,,,,,
240,Soya Paste,210610,*,,,,,
239,Soya Sauce,210310,*,,,,,
236,Soybeans,120100,*,,,,,
1295,Spermaceti,152190,*,,,,,
723,Spices nes,91020,*,,,,,
723,Spices nes,91030,*,,,,,
723,Spices nes,91091,*,,,,,
723,Spices nes,91099,*,,,,,
373,Spinach,70970,*,,,,,
883,Standardized Milk,40130,*,,,,,
883,Standardized Milk,40110,*,,,,,
883,Standardized Milk,40120,*,,,,,
129,Starch of Cassava,110814,*,,,,,
64,Starch of Maize,110812,*,,,,,
119,Starch of Potatoes,110813,*,,,,,
34,Starch of Rice,110819,*,,,,,
23,Starch of Wheat,110811,*,,,,,
307,Stillingia oil,151590,*,,,,,
541,"Stone fruit, fresh nes",81090,*,,,,,
635,Straw and Husks,121300,*,,,,,
544,Strawberries,81010,*,,,,,
423,String Beans,70820,*,,,,,
167,Sugar and Syrups nes,170290,*,,,,,
157,Sugar beets,121291,*,,,,,
168,Sugar Confectionery,170410,*,,,,,
168,Sugar Confectionery,170490,*,,,,,
161,Sugar crops nes,121299,*,,,,,
163,"Sugar, Non-Centrifugal",170111,*,,,,,
162,"Sugar, Raw Centrifugal",170112,*,,,,,
162,"Sugar, Raw Centrifugal",170111,*,,,,,
164,"Sugar, Refined",170191,*,,,,,
164,"Sugar, Refined",170199,*,,,,,
156,Sugarcane,121299,*,,,,,
267,Sunflower seed,120600,*,,,,,
310310,Superphosphate,310310,*,,,,,
31031010,Superphosphate above 35%,310310,*,,,,,
31031090,Superphosphate other,310310,*,,,,,
649,Swedes for fodder,121490,*,,,,,
447,"Sweet Corn, Frozen",71040,*,,,,,
448,"Sweet Corn, Prepared or Preserved",200580,*,,,,,
122,Sweet potatoes,71420,*,,,,,
1225,Tallow,150200,*,,,,,
305,Tallowtree Seeds,120799,*,,,,,
495,"Tangerines, mandarins, clementines, satsumas",80520,*,,,,,
127,Tapioca of Cassava,190300,*,,,,,
121,Tapioca of Potatoes,190300,*,,,,,
136,Taro (Cocoyam),71490,*,,,,,
667,Tea,90240,*,,,,,
667,Tea,90230,*,,,,,
667,Tea,90220,*,,,,,
667,Tea,90210,*,,,,,
674,Tea nes,121190,*,,,,,
2455007,"Threshing machines(staking,forage harv.)",843352,*,,,,,
826,Tobacco leaves,240110,*,,,,,
826,Tobacco leaves,240120,*,,,,,
826,Tobacco leaves,240130,*,,,,,
831,Tobacco Products nes,240310,*,,,,,
831,Tobacco Products nes,240391,*,,,,,
831,Tobacco Products nes,240399,*,,,,,
388,"Tomatoes, fresh",70200,*,,,,,
392,"Tomatoes, Peeled (O/T vinegar)",200210,*,,,,,
2455012,Track-laying tractors,870130,*,,,,,
97,Triticale,100890,*,,,,,
275,Tung Nuts,120799,*,,,,,
1080,Turkey meat,20724,*,,,,,
1080,Turkey meat,20725,*,,,,,
1080,Turkey meat,20726,*,,,,,
1080,Turkey meat,20727,*,,,,,
1079,Turkeys,10512,*,,,,,
1079,Turkeys,10599,*,,,,,
646,Turnips for fodder,121490,*,,,,,
310210,Urea,310210,*,,,,,
310280,Urea and ammonium nitrate solutions,310280,*,,,,,
692,Vanilla,90500,*,,,,,
652,Vegetable Products for Feed nes,230800,*,,,,,
460,"Vegetable products, fresh or dry nes",121299,*,,,,,
306,Vegetable tallow,151590,*,,,,,
1296,Vegetable waxes,152110,*,,,,,
471,Vegetables in Vinegar,200110,*,,,,,
471,Vegetables in Vinegar,200190,*,,,,,
469,"Vegetables, Dehydrated",71220,*,,,,,
469,"Vegetables, Dehydrated",71290,*,,,,,
463,"Vegetables, Fresh n.e.s.",70940,*,,,,,
463,"Vegetables, Fresh n.e.s.",70990,*,,,,,
463,"Vegetables, Fresh n.e.s.",70690,*,,,,,
473,"Vegetables, Frozen",71021,*,,,,,
473,"Vegetables, Frozen",71022,*,,,,,
473,"Vegetables, Frozen",71029,*,,,,,
473,"Vegetables, Frozen",71030,*,,,,,
473,"Vegetables, Frozen",71080,*,,,,,
473,"Vegetables, Frozen",71090,*,,,,,
475,"Vegetables, Preserved (Frozen)",200410,*,,,,,
475,"Vegetables, Preserved (Frozen)",200490,*,,,,,
472,"Vegetables, Preserved nes (O/T vinegar)",200591,*,,,,,
472,"Vegetables, Preserved nes (O/T vinegar)",200599,*,,,,,
472,"Vegetables, Preserved nes (O/T vinegar)",200559,*,,,,,
472,"Vegetables, Preserved nes (O/T vinegar)",200560,*,,,,,
472,"Vegetables, Preserved nes (O/T vinegar)",200551,*,,,,,
472,"Vegetables, Preserved nes (O/T vinegar)",200540,*,,,,,
472,"Vegetables, Preserved nes (O/T vinegar)",200520,*,,,,,
655,"Vegetables, roots fodder nes",121490,*,,,,,
474,"Vegetables, Temporarily Preserved",71190,*,,,,,
474,"Vegetables, Temporarily Preserved",71159,*,,,,,
474,"Vegetables, Temporarily Preserved",71140,*,,,,,
474,"Vegetables, Temporarily Preserved",71151,*,,,,,
565,"Vermouths, etc.",220510,*,,,,,
565,"Vermouths, etc.",220590,*,,,,,
205,Vetches,121490,*,,,,,
853,Vitamins,230990,*,,,,,
110,Wafers,190590,*,,,,,
222,Walnuts,80231,*,,,,,
232,"Walnuts, Shelled",80232,*,,,,,
567,Watermelons,80711,*,,,,,
631,"Waters, Ice and Snow",220110,*,,,,,
631,"Waters, Ice and Snow",220190,*,,,,,
15,Wheat,100110,*,,,,,
15,Wheat,100190,*,,,,,
24,Wheat Gluten,110900,*,,,,,
26,Wheat-Fermented Beverages,220600,*,,,,,
905,Whey Cheese,40610,*,,,,,
890,"Whey, Condensed",40410,*,,,,,
903,"Whey, Fresh",40410,*,,,,,
67,White Maize,100510,*,,,,,
67,White Maize,100590,*,,,,,
889,"Whole Milk, Condensed",40299,*,,,,,
894,"Whole Milk, Evaporated",40291,*,,,,,
564,Wine,220410,*,,,,,
564,Wine,220421,*,,,,,
564,Wine,220429,*,,,,,
994,Wool Grease and Lanolin,150500,*,,,,,
1010,Wool Tops,510529,*,,,,,
988,"Wool, Degreased",510121,*,,,,,
988,"Wool, Degreased",510129,*,,,,,
988,"Wool, Degreased",510130,*,,,,,
987,"Wool, Greasy",510111,*,,,,,
987,"Wool, Greasy",510119,*,,,,,
1009,"Wool, Hair Waste",510310,*,,,,,
1009,"Wool, Hair Waste",510320,*,,,,,
1009,"Wool, Hair Waste",510330,*,,,,,
1007,"Wool, Shoddy",510400,*,,,,,
137,Yams,71490,*,,,,,
135,Yautia (Cocoyam),71490,*,,,,,
891,Yoghurt,40310,*,,,,,
892,"Yoghurt, Concentrated or Unconcent",40310,*,,,,,
